[
  {
    "id": "GRFRU-001",
    "active": true,
    "name": "Brennnesseljauche 1 L",
    "category_id": "CAT01",
    "category_name": "Flüssigdünger",
    "price": 6.9,
    "unit": "l",
    "short_desc": "Traditionell hergestellte Brennnesseljauche aus regionaler Brennnessel & naturbelassen & biologisch abbaubar.",
    "long_desc": "Unsere Brennnesseljauche wird aus frischen, regionalen Pflanzenbeständen der Brennnessel hergestellt. Die Jauche entsteht durch natürliche Fermentation und unterstützt eine gesunde Kreislaufführung im Garten. Nachhaltig produziert & ohne chemische Zusätze, vollständig biologisch abbaubar.",
    "tags": "Brennnesseljauche, Pflanzenjauche, grüfrü, Naturprodukt, Pflanzenpflege, Permakultur, nachhaltiger Garten",
    "Grundpreis_L": 6.9,
    "Gebindegröße": "1 L",
    "Anwendung": "Vor Gebrauch gut schütteln. 1 Teil Jauche mit 10 Teilen Wasser verdünnen und direkt im Wurzelbereich ausbringen.",
    "Composition": "Fermentierter Pflanzenauszug aus Brennnessel, Wasser, Mikroorganismen.",
    "Notizen": "Nicht zum Verzehr geeignet. Kühl, dunkel und verschlossen lagern. Biologisch abbaubar.",
    "Versand": "Lieferung in recyclingfähigem HDPE-Kanister. Versand innerhalb von 3&5 Werktagen.",
    "Herkunft": "Hergestellt in Weißenfels (Sachsen-Anhalt) & Marke grüfrü",
    "Laborwerte": "dummy inhalt",
    "asset_id": "GFRU-001-A0001",
    "qty_step": 1.0
  },
  {
    "id": "GRFRU-002",
    "active": true,
    "name": "Brennnesseljauche 5 L",
    "category_id": "CAT01",
    "category_name": "Flüssigdünger",
    "price": 19.9,
    "unit": "l",
    "short_desc": "Traditionell hergestellte Brennnesseljauche aus regionaler Brennnessel & naturbelassen & biologisch abbaubar.",
    "long_desc": "Unsere Brennnesseljauche wird aus frischen, regionalen Pflanzenbeständen der Brennnessel hergestellt. Die Jauche entsteht durch natürliche Fermentation und unterstützt eine gesunde Kreislaufführung im Garten. Nachhaltig produziert & ohne chemische Zusätze, vollständig biologisch abbaubar.",
    "tags": "Brennnesseljauche, Pflanzenjauche, grüfrü, Naturprodukt, Pflanzenpflege, Permakultur, nachhaltiger Garten",
    "Grundpreis_L": 3.98,
    "Gebindegröße": "5 L",
    "Anwendung": "Vor Gebrauch gut schütteln. 1 Teil Jauche mit 10 Teilen Wasser verdünnen und direkt im Wurzelbereich ausbringen.",
    "Composition": "Fermentierter Pflanzenauszug aus Brennnessel, Wasser, Mikroorganismen.",
    "Notizen": "Nicht zum Verzehr geeignet. Kühl, dunkel und verschlossen lagern. Biologisch abbaubar.",
    "Versand": "Lieferung in recyclingfähigem HDPE-Kanister. Versand innerhalb von 3&5 Werktagen.",
    "Herkunft": "Hergestellt in Weißenfels (Sachsen-Anhalt) & Marke grüfrü",
    "Laborwerte": "dummy inhalt",
    "qty_step": 1.0
  },
  {
    "id": "GRFRU-003",
    "active": true,
    "name": "Brennnesseljauche 10 L",
    "category_id": "CAT01",
    "category_name": "Flüssigdünger",
    "price": 29.9,
    "unit": "l",
    "short_desc": "Traditionell hergestellte Brennnesseljauche aus regionaler Brennnessel & naturbelassen & biologisch abbaubar.",
    "long_desc": "Unsere Brennnesseljauche wird aus frischen, regionalen Pflanzenbeständen der Brennnessel hergestellt. Die Jauche entsteht durch natürliche Fermentation und unterstützt eine gesunde Kreislaufführung im Garten. Nachhaltig produziert & ohne chemische Zusätze, vollständig biologisch abbaubar.",
    "tags": "Brennnesseljauche, Pflanzenjauche, grüfrü, Naturprodukt, Pflanzenpflege, Permakultur, nachhaltiger Garten",
    "Grundpreis_L": 2.99,
    "Gebindegröße": "10 L",
    "Anwendung": "Vor Gebrauch gut schütteln. 1 Teil Jauche mit 10 Teilen Wasser verdünnen und direkt im Wurzelbereich ausbringen.",
    "Composition": "Fermentierter Pflanzenauszug aus Brennnessel, Wasser, Mikroorganismen.",
    "Notizen": "Nicht zum Verzehr geeignet. Kühl, dunkel und verschlossen lagern. Biologisch abbaubar.",
    "Versand": "Lieferung in recyclingfähigem HDPE-Kanister. Versand innerhalb von 3&5 Werktagen.",
    "Herkunft": "Hergestellt in Weißenfels (Sachsen-Anhalt) & Marke grüfrü",
    "Laborwerte": "dummy inhalt",
    "asset_id": "GFRU-001-A0001",
    "qty_step": 1.0
  },
  {
    "id": "GRFRU-004",
    "active": true,
    "name": "Schafgarbenjauche 1 L",
    "category_id": "CAT01",
    "category_name": "Flüssigdünger",
    "price": 6.9,
    "unit": "l",
    "short_desc": "Traditionell hergestellte Schafgarbenjauche aus regionaler Schafgarben & naturbelassen & biologisch abbaubar.",
    "long_desc": "Unsere Schafgarbenjauche wird aus frischen, regionalen Pflanzenbeständen der Schafgarben hergestellt. Die Jauche entsteht durch natürliche Fermentation und unterstützt eine gesunde Kreislaufführung im Garten. Nachhaltig produziert & ohne chemische Zusätze, vollständig biologisch abbaubar.",
    "tags": "Schafgarbenjauche, Pflanzenjauche, grüfrü, Naturprodukt, Pflanzenpflege, Permakultur, nachhaltiger Garten",
    "Grundpreis_L": 6.9,
    "Gebindegröße": "1 L",
    "Anwendung": "Vor Gebrauch gut schütteln. 1 Teil Jauche mit 10 Teilen Wasser verdünnen und direkt im Wurzelbereich ausbringen.",
    "Composition": "Fermentierter Pflanzenauszug aus Schafgarben, Wasser, Mikroorganismen.",
    "Notizen": "Nicht zum Verzehr geeignet. Kühl, dunkel und verschlossen lagern. Biologisch abbaubar.",
    "Versand": "Lieferung in recyclingfähigem HDPE-Kanister. Versand innerhalb von 3&5 Werktagen.",
    "Herkunft": "Hergestellt in Weißenfels (Sachsen-Anhalt) & Marke grüfrü",
    "Laborwerte": "dummy inhalt",
    "asset_id": "GFRU-001-A0001",
    "qty_step": 1.0
  },
  {
    "id": "GRFRU-005",
    "active": true,
    "name": "Schafgarbenjauche 5 L",
    "category_id": "CAT01",
    "category_name": "Flüssigdünger",
    "price": 19.9,
    "unit": "l",
    "short_desc": "Traditionell hergestellte Schafgarbenjauche aus regionaler Schafgarben & naturbelassen & biologisch abbaubar.",
    "long_desc": "Unsere Schafgarbenjauche wird aus frischen, regionalen Pflanzenbeständen der Schafgarben hergestellt. Die Jauche entsteht durch natürliche Fermentation und unterstützt eine gesunde Kreislaufführung im Garten. Nachhaltig produziert & ohne chemische Zusätze, vollständig biologisch abbaubar.",
    "tags": "Schafgarbenjauche, Pflanzenjauche, grüfrü, Naturprodukt, Pflanzenpflege, Permakultur, nachhaltiger Garten",
    "Grundpreis_L": 3.98,
    "Gebindegröße": "5 L",
    "Anwendung": "Vor Gebrauch gut schütteln. 1 Teil Jauche mit 10 Teilen Wasser verdünnen und direkt im Wurzelbereich ausbringen.",
    "Composition": "Fermentierter Pflanzenauszug aus Schafgarben, Wasser, Mikroorganismen.",
    "Notizen": "Nicht zum Verzehr geeignet. Kühl, dunkel und verschlossen lagern. Biologisch abbaubar.",
    "Versand": "Lieferung in recyclingfähigem HDPE-Kanister. Versand innerhalb von 3&5 Werktagen.",
    "Herkunft": "Hergestellt in Weißenfels (Sachsen-Anhalt) & Marke grüfrü",
    "Laborwerte": "dummy inhalt",
    "asset_id": "GFRU-002-A0002",
    "qty_step": 1.0
  },
  {
    "id": "GRFRU-006",
    "active": true,
    "name": "Schafgarbenjauche 10 L",
    "category_id": "CAT01",
    "category_name": "Flüssigdünger",
    "price": 29.9,
    "unit": "l",
    "short_desc": "Traditionell hergestellte Schafgarbenjauche aus regionaler Schafgarben & naturbelassen & biologisch abbaubar.",
    "long_desc": "Unsere Schafgarbenjauche wird aus frischen, regionalen Pflanzenbeständen der Schafgarben hergestellt. Die Jauche entsteht durch natürliche Fermentation und unterstützt eine gesunde Kreislaufführung im Garten. Nachhaltig produziert & ohne chemische Zusätze, vollständig biologisch abbaubar.",
    "tags": "Schafgarbenjauche, Pflanzenjauche, grüfrü, Naturprodukt, Pflanzenpflege, Permakultur, nachhaltiger Garten",
    "Grundpreis_L": 2.99,
    "Gebindegröße": "10 L",
    "Anwendung": "Vor Gebrauch gut schütteln. 1 Teil Jauche mit 10 Teilen Wasser verdünnen und direkt im Wurzelbereich ausbringen.",
    "Composition": "Fermentierter Pflanzenauszug aus Schafgarben, Wasser, Mikroorganismen.",
    "Notizen": "Nicht zum Verzehr geeignet. Kühl, dunkel und verschlossen lagern. Biologisch abbaubar.",
    "Versand": "Lieferung in recyclingfähigem HDPE-Kanister. Versand innerhalb von 3&5 Werktagen.",
    "Herkunft": "Hergestellt in Weißenfels (Sachsen-Anhalt) & Marke grüfrü",
    "Laborwerte": "dummy inhalt",
    "asset_id": "GFRU-002-A0002",
    "qty_step": 1.0
  },
  {
    "id": "GRFRU-007",
    "active": true,
    "name": "Ackerschachtelhalmjauche 1 L",
    "category_id": "CAT01",
    "category_name": "Flüssigdünger",
    "price": 6.9,
    "unit": "l",
    "short_desc": "Traditionell hergestellte Ackerschachtelhalmjauche aus regionaler Ackerschachtelhalm & naturbelassen & biologisch abbaubar.",
    "long_desc": "Unsere Ackerschachtelhalmjauche wird aus frischen, regionalen Pflanzenbeständen der Ackerschachtelhalm hergestellt. Die Jauche entsteht durch natürliche Fermentation und unterstützt eine gesunde Kreislaufführung im Garten. Nachhaltig produziert & ohne chemische Zusätze, vollständig biologisch abbaubar.",
    "tags": "Ackerschachtelhalmjauche, Pflanzenjauche, grüfrü, Naturprodukt, Pflanzenpflege, Permakultur, nachhaltiger Garten",
    "Grundpreis_L": 6.9,
    "Gebindegröße": "1 L",
    "Anwendung": "Vor Gebrauch gut schütteln. 1 Teil Jauche mit 10 Teilen Wasser verdünnen und direkt im Wurzelbereich ausbringen.",
    "Composition": "Fermentierter Pflanzenauszug aus Ackerschachtelhalm, Wasser, Mikroorganismen.",
    "Notizen": "Nicht zum Verzehr geeignet. Kühl, dunkel und verschlossen lagern. Biologisch abbaubar.",
    "Versand": "Lieferung in recyclingfähigem HDPE-Kanister. Versand innerhalb von 3&5 Werktagen.",
    "Herkunft": "Hergestellt in Weißenfels (Sachsen-Anhalt) & Marke grüfrü",
    "Laborwerte": "dummy inhalt",
    "asset_id": "GFRU-002-A0002",
    "qty_step": 1.0
  },
  {
    "id": "GRFRU-008",
    "active": true,
    "name": "Ackerschachtelhalmjauche 5 L",
    "category_id": "CAT01",
    "category_name": "Flüssigdünger",
    "price": 19.9,
    "unit": "l",
    "short_desc": "Traditionell hergestellte Ackerschachtelhalmjauche aus regionaler Ackerschachtelhalm & naturbelassen & biologisch abbaubar.",
    "long_desc": "Unsere Ackerschachtelhalmjauche wird aus frischen, regionalen Pflanzenbeständen der Ackerschachtelhalm hergestellt. Die Jauche entsteht durch natürliche Fermentation und unterstützt eine gesunde Kreislaufführung im Garten. Nachhaltig produziert & ohne chemische Zusätze, vollständig biologisch abbaubar.",
    "tags": "Ackerschachtelhalmjauche, Pflanzenjauche, grüfrü, Naturprodukt, Pflanzenpflege, Permakultur, nachhaltiger Garten",
    "Grundpreis_L": 3.98,
    "Gebindegröße": "5 L",
    "Anwendung": "Vor Gebrauch gut schütteln. 1 Teil Jauche mit 10 Teilen Wasser verdünnen und direkt im Wurzelbereich ausbringen.",
    "Composition": "Fermentierter Pflanzenauszug aus Ackerschachtelhalm, Wasser, Mikroorganismen.",
    "Notizen": "Nicht zum Verzehr geeignet. Kühl, dunkel und verschlossen lagern. Biologisch abbaubar.",
    "Versand": "Lieferung in recyclingfähigem HDPE-Kanister. Versand innerhalb von 3&5 Werktagen.",
    "Herkunft": "Hergestellt in Weißenfels (Sachsen-Anhalt) & Marke grüfrü",
    "Laborwerte": "dummy inhalt",
    "asset_id": "GFRU-003-A0003",
    "qty_step": 1.0
  },
  {
    "id": "GRFRU-009",
    "active": true,
    "name": "Ackerschachtelhalmjauche 10 L",
    "category_id": "CAT01",
    "category_name": "Flüssigdünger",
    "price": 29.9,
    "unit": "l",
    "short_desc": "Traditionell hergestellte Ackerschachtelhalmjauche aus regionaler Ackerschachtelhalm & naturbelassen & biologisch abbaubar.",
    "long_desc": "Unsere Ackerschachtelhalmjauche wird aus frischen, regionalen Pflanzenbeständen der Ackerschachtelhalm hergestellt. Die Jauche entsteht durch natürliche Fermentation und unterstützt eine gesunde Kreislaufführung im Garten. Nachhaltig produziert & ohne chemische Zusätze, vollständig biologisch abbaubar.",
    "tags": "Ackerschachtelhalmjauche, Pflanzenjauche, grüfrü, Naturprodukt, Pflanzenpflege, Permakultur, nachhaltiger Garten",
    "Grundpreis_L": 2.99,
    "Gebindegröße": "10 L",
    "Anwendung": "Vor Gebrauch gut schütteln. 1 Teil Jauche mit 10 Teilen Wasser verdünnen und direkt im Wurzelbereich ausbringen.",
    "Composition": "Fermentierter Pflanzenauszug aus Ackerschachtelhalm, Wasser, Mikroorganismen.",
    "Notizen": "Nicht zum Verzehr geeignet. Kühl, dunkel und verschlossen lagern. Biologisch abbaubar.",
    "Versand": "Lieferung in recyclingfähigem HDPE-Kanister. Versand innerhalb von 3&5 Werktagen.",
    "Herkunft": "Hergestellt in Weißenfels (Sachsen-Anhalt) & Marke grüfrü",
    "Laborwerte": "dummy inhalt",
    "asset_id": "GFRU-003-A0003",
    "qty_step": 1.0
  },
  {
    "id": "GRFRU-010",
    "active": true,
    "name": "Beinwelljauche 1 L",
    "category_id": "CAT01",
    "category_name": "Flüssigdünger",
    "price": 6.9,
    "unit": "l",
    "short_desc": "Traditionell hergestellte Beinwelljauche aus regionaler Beinwell & naturbelassen & biologisch abbaubar.",
    "long_desc": "Unsere Beinwelljauche wird aus frischen, regionalen Pflanzenbeständen der Beinwell hergestellt. Die Jauche entsteht durch natürliche Fermentation und unterstützt eine gesunde Kreislaufführung im Garten. Nachhaltig produziert & ohne chemische Zusätze, vollständig biologisch abbaubar.",
    "tags": "Beinwelljauche, Pflanzenjauche, grüfrü, Naturprodukt, Pflanzenpflege, Permakultur, nachhaltiger Garten",
    "Grundpreis_L": 6.9,
    "Gebindegröße": "1 L",
    "Anwendung": "Vor Gebrauch gut schütteln. 1 Teil Jauche mit 10 Teilen Wasser verdünnen und direkt im Wurzelbereich ausbringen.",
    "Composition": "Fermentierter Pflanzenauszug aus Beinwell, Wasser, Mikroorganismen.",
    "Notizen": "Nicht zum Verzehr geeignet. Kühl, dunkel und verschlossen lagern. Biologisch abbaubar.",
    "Versand": "Lieferung in recyclingfähigem HDPE-Kanister. Versand innerhalb von 3&5 Werktagen.",
    "Herkunft": "Hergestellt in Weißenfels (Sachsen-Anhalt) & Marke grüfrü",
    "Laborwerte": "dummy inhalt",
    "asset_id": "GFRU-004-A0004",
    "qty_step": 1.0
  },
  {
    "id": "GRFRU-011",
    "active": true,
    "name": "Beinwelljauche 5 L",
    "category_id": "CAT01",
    "category_name": "Flüssigdünger",
    "price": 19.9,
    "unit": "l",
    "short_desc": "Traditionell hergestellte Beinwelljauche aus regionaler Beinwell & naturbelassen & biologisch abbaubar.",
    "long_desc": "Unsere Beinwelljauche wird aus frischen, regionalen Pflanzenbeständen der Beinwell hergestellt. Die Jauche entsteht durch natürliche Fermentation und unterstützt eine gesunde Kreislaufführung im Garten. Nachhaltig produziert & ohne chemische Zusätze, vollständig biologisch abbaubar.",
    "tags": "Beinwelljauche, Pflanzenjauche, grüfrü, Naturprodukt, Pflanzenpflege, Permakultur, nachhaltiger Garten",
    "Grundpreis_L": 3.98,
    "Gebindegröße": "5 L",
    "Anwendung": "Vor Gebrauch gut schütteln. 1 Teil Jauche mit 10 Teilen Wasser verdünnen und direkt im Wurzelbereich ausbringen.",
    "Composition": "Fermentierter Pflanzenauszug aus Beinwell, Wasser, Mikroorganismen.",
    "Notizen": "Nicht zum Verzehr geeignet. Kühl, dunkel und verschlossen lagern. Biologisch abbaubar.",
    "Versand": "Lieferung in recyclingfähigem HDPE-Kanister. Versand innerhalb von 3&5 Werktagen.",
    "Herkunft": "Hergestellt in Weißenfels (Sachsen-Anhalt) & Marke grüfrü",
    "Laborwerte": "dummy inhalt",
    "asset_id": "GFRU-004-A0004",
    "qty_step": 1.0
  },
  {
    "id": "GRFRU-012",
    "active": true,
    "name": "Beinwelljauche 10 L",
    "category_id": "CAT01",
    "category_name": "Flüssigdünger",
    "price": 29.9,
    "unit": "l",
    "short_desc": "Traditionell hergestellte Beinwelljauche aus regionaler Beinwell & naturbelassen & biologisch abbaubar.",
    "long_desc": "Unsere Beinwelljauche wird aus frischen, regionalen Pflanzenbeständen der Beinwell hergestellt. Die Jauche entsteht durch natürliche Fermentation und unterstützt eine gesunde Kreislaufführung im Garten. Nachhaltig produziert & ohne chemische Zusätze, vollständig biologisch abbaubar.",
    "tags": "Beinwelljauche, Pflanzenjauche, grüfrü, Naturprodukt, Pflanzenpflege, Permakultur, nachhaltiger Garten",
    "Grundpreis_L": 2.99,
    "Gebindegröße": "10 L",
    "Anwendung": "Vor Gebrauch gut schütteln. 1 Teil Jauche mit 10 Teilen Wasser verdünnen und direkt im Wurzelbereich ausbringen.",
    "Composition": "Fermentierter Pflanzenauszug aus Beinwell, Wasser, Mikroorganismen.",
    "Notizen": "Nicht zum Verzehr geeignet. Kühl, dunkel und verschlossen lagern. Biologisch abbaubar.",
    "Versand": "Lieferung in recyclingfähigem HDPE-Kanister. Versand innerhalb von 3&5 Werktagen.",
    "Herkunft": "Hergestellt in Weißenfels (Sachsen-Anhalt) & Marke grüfrü",
    "Laborwerte": "dummy inhalt",
    "asset_id": "GFRU-004-A0004",
    "qty_step": 1.0
  },
  {
    "id": "GRFRU-013",
    "active": true,
    "name": "Mischjauche 1 L",
    "category_id": "CAT01",
    "category_name": "Flüssigdünger",
    "price": 6.9,
    "unit": "l",
    "short_desc": "Mischung aus verschiedenen Kräuterjauchen zur vielseitigen Gartenpflege & naturbelassen & biologisch abbaubar.",
    "long_desc": "Unsere Mischjauche vereint die Kraft regionaler Kräuter wie Brennnessel, Schafgarbe, Ackerschachtelhalm und Beinwell. Hergestellt nach traditioneller Methode in kleinen Chargen. Ideal zur allgemeinen Pflanzenpflege im Garten und auf dem Balkon. Nachhaltig produziert & vollständig biologisch abbaubar.",
    "tags": "Mischjauche, Pflanzenjauche, grüfrü, Naturprodukt, Pflanzenpflege, Permakultur, nachhaltiger Garten",
    "Grundpreis_L": 6.9,
    "Gebindegröße": "1 L",
    "Anwendung": "Vor Gebrauch gut schütteln. 1 Teil Jauche mit 10 Teilen Wasser verdünnen und direkt im Wurzelbereich ausbringen.",
    "Composition": "Fermentierte Pflanzenextrakte (Brennnessel, Schafgarbe, Ackerschachtelhalm, Beinwell), Wasser, Mikroorganismen.",
    "Notizen": "Nicht zum Verzehr geeignet. Kühl, dunkel und verschlossen lagern. Biologisch abbaubar.",
    "Versand": "Lieferung in recyclingfähigem HDPE-Kanister. Versand innerhalb von 3&5 Werktagen.",
    "Herkunft": "Hergestellt in Weißenfels (Sachsen-Anhalt) & Marke grüfrü",
    "Laborwerte": "dummy inhalt",
    "asset_id": "GFRU-005-A0005",
    "qty_step": 1.0
  },
  {
    "id": "GRFRU-014",
    "active": true,
    "name": "Mischjauche 5 L",
    "category_id": "CAT01",
    "category_name": "Flüssigdünger",
    "price": 19.9,
    "unit": "l",
    "short_desc": "Mischung aus verschiedenen Kräuterjauchen zur vielseitigen Gartenpflege & naturbelassen & biologisch abbaubar.",
    "long_desc": "Unsere Mischjauche vereint die Kraft regionaler Kräuter wie Brennnessel, Schafgarbe, Ackerschachtelhalm und Beinwell. Hergestellt nach traditioneller Methode in kleinen Chargen. Ideal zur allgemeinen Pflanzenpflege im Garten und auf dem Balkon. Nachhaltig produziert & vollständig biologisch abbaubar.",
    "tags": "Mischjauche, Pflanzenjauche, grüfrü, Naturprodukt, Pflanzenpflege, Permakultur, nachhaltiger Garten",
    "Grundpreis_L": 3.98,
    "Gebindegröße": "5 L",
    "Anwendung": "Vor Gebrauch gut schütteln. 1 Teil Jauche mit 10 Teilen Wasser verdünnen und direkt im Wurzelbereich ausbringen.",
    "Composition": "Fermentierte Pflanzenextrakte (Brennnessel, Schafgarbe, Ackerschachtelhalm, Beinwell), Wasser, Mikroorganismen.",
    "Notizen": "Nicht zum Verzehr geeignet. Kühl, dunkel und verschlossen lagern. Biologisch abbaubar.",
    "Versand": "Lieferung in recyclingfähigem HDPE-Kanister. Versand innerhalb von 3&5 Werktagen.",
    "Herkunft": "Hergestellt in Weißenfels (Sachsen-Anhalt) & Marke grüfrü",
    "Laborwerte": "dummy inhalt",
    "asset_id": "GFRU-005-A0005",
    "qty_step": 1.0
  },
  {
    "id": "GRFRU-015",
    "active": true,
    "name": "Mischjauche 10 L",
    "category_id": "CAT01",
    "category_name": "Flüssigdünger",
    "price": 29.9,
    "unit": "l",
    "short_desc": "Mischung aus verschiedenen Kräuterjauchen zur vielseitigen Gartenpflege & naturbelassen & biologisch abbaubar.",
    "long_desc": "Unsere Mischjauche vereint die Kraft regionaler Kräuter wie Brennnessel, Schafgarbe, Ackerschachtelhalm und Beinwell. Hergestellt nach traditioneller Methode in kleinen Chargen. Ideal zur allgemeinen Pflanzenpflege im Garten und auf dem Balkon. Nachhaltig produziert & vollständig biologisch abbaubar.",
    "tags": "Mischjauche, Pflanzenjauche, grüfrü, Naturprodukt, Pflanzenpflege, Permakultur, nachhaltiger Garten",
    "Grundpreis_L": 2.99,
    "Gebindegröße": "10 L",
    "Anwendung": "Vor Gebrauch gut schütteln. 1 Teil Jauche mit 10 Teilen Wasser verdünnen und direkt im Wurzelbereich ausbringen.",
    "Composition": "Fermentierte Pflanzenextrakte (Brennnessel, Schafgarbe, Ackerschachtelhalm, Beinwell), Wasser, Mikroorganismen.",
    "Notizen": "Nicht zum Verzehr geeignet. Kühl, dunkel und verschlossen lagern. Biologisch abbaubar.",
    "Versand": "Lieferung in recyclingfähigem HDPE-Kanister. Versand innerhalb von 3&5 Werktagen.",
    "Herkunft": "Hergestellt in Weißenfels (Sachsen-Anhalt) & Marke grüfrü",
    "Laborwerte": "dummy inhalt",
    "asset_id": "GFRU-005-A0005",
    "qty_step": 1.0
  },
  {
    "id": "GRFRU-016",
    "active": true,
    "name": "Substrat_Platzhalter",
    "category_id": "CAT02",
    "category_name": "Substrat",
    "price": 19.9,
    "unit": "l",
    "short_desc": "Mischung aus verschiedenen Kräuterjauchen zur vielseitigen Gartenpflege & naturbelassen & biologisch abbaubar.",
    "long_desc": "Unsere Mischjauche vereint die Kraft regionaler Kräuter wie Brennnessel, Schafgarbe, Ackerschachtelhalm und Beinwell. Hergestellt nach traditioneller Methode in kleinen Chargen. Ideal zur allgemeinen Pflanzenpflege im Garten und auf dem Balkon. Nachhaltig produziert & vollständig biologisch abbaubar.",
    "tags": "Mischjauche, Pflanzenjauche, grüfrü, Naturprodukt, Pflanzenpflege, Permakultur, nachhaltiger Garten",
    "Gebindegröße": "10 L",
    "Anwendung": "Vor Gebrauch gut schütteln. 1 Teil Jauche mit 10 Teilen Wasser verdünnen und direkt im Wurzelbereich ausbringen.",
    "Composition": "Fermentierte Pflanzenextrakte (Brennnessel, Schafgarbe, Ackerschachtelhalm, Beinwell), Wasser, Mikroorganismen.",
    "Notizen": "Nicht zum Verzehr geeignet. Kühl, dunkel und verschlossen lagern. Biologisch abbaubar.",
    "Versand": "Lieferung in recyclingfähigem HDPE-Kanister. Versand innerhalb von 3&5 Werktagen.",
    "Herkunft": "Hergestellt in Weißenfels (Sachsen-Anhalt) & Marke grüfrü",
    "Laborwerte": "dummy inhalt",
    "qty_step": 1.0
  },
  {
    "id": "GRFRU-017",
    "active": true,
    "name": "Kompost_Platzhalter",
    "category_id": "CAT03",
    "category_name": "Kompostzusatz",
    "price": 29.9,
    "unit": "l",
    "short_desc": "Mischung aus verschiedenen Kräuterjauchen zur vielseitigen Gartenpflege & naturbelassen & biologisch abbaubar.",
    "long_desc": "Unsere Mischjauche vereint die Kraft regionaler Kräuter wie Brennnessel, Schafgarbe, Ackerschachtelhalm und Beinwell. Hergestellt nach traditioneller Methode in kleinen Chargen. Ideal zur allgemeinen Pflanzenpflege im Garten und auf dem Balkon. Nachhaltig produziert & vollständig biologisch abbaubar.",
    "tags": "Mischjauche, Pflanzenjauche, grüfrü, Naturprodukt, Pflanzenpflege, Permakultur, nachhaltiger Garten",
    "Gebindegröße": "10 L",
    "Anwendung": "Vor Gebrauch gut schütteln. 1 Teil Jauche mit 10 Teilen Wasser verdünnen und direkt im Wurzelbereich ausbringen.",
    "Composition": "Fermentierte Pflanzenextrakte (Brennnessel, Schafgarbe, Ackerschachtelhalm, Beinwell), Wasser, Mikroorganismen.",
    "Notizen": "Nicht zum Verzehr geeignet. Kühl, dunkel und verschlossen lagern. Biologisch abbaubar.",
    "Versand": "Lieferung in recyclingfähigem HDPE-Kanister. Versand innerhalb von 3&5 Werktagen.",
    "Herkunft": "Hergestellt in Weißenfels (Sachsen-Anhalt) & Marke grüfrü",
    "Laborwerte": "dummy inhalt",
    "qty_step": 1.0
  },
  {
    "id": "GRFRU-018",
    "active": true,
    "name": "Pflanzenkohle",
    "category_id": "CAT04",
    "category_name": "Pflanzenkohle",
    "price": 29.9,
    "unit": "l",
    "short_desc": "Mischung aus verschiedenen Kräuterjauchen zur vielseitigen Gartenpflege & naturbelassen & biologisch abbaubar.",
    "long_desc": "Unsere Mischjauche vereint die Kraft regionaler Kräuter wie Brennnessel, Schafgarbe, Ackerschachtelhalm und Beinwell. Hergestellt nach traditioneller Methode in kleinen Chargen. Ideal zur allgemeinen Pflanzenpflege im Garten und auf dem Balkon. Nachhaltig produziert & vollständig biologisch abbaubar.",
    "tags": "noch keine vorhanden",
    "Gebindegröße": "10 L",
    "Anwendung": "Vor Gebrauch gut schütteln. 1 Teil Jauche mit 10 Teilen Wasser verdünnen und direkt im Wurzelbereich ausbringen.",
    "Composition": "Fermentierte Pflanzenextrakte (Brennnessel, Schafgarbe, Ackerschachtelhalm, Beinwell), Wasser, Mikroorganismen.",
    "Notizen": "Nicht zum Verzehr geeignet. Kühl, dunkel und verschlossen lagern. Biologisch abbaubar.",
    "Versand": "Lieferung in recyclingfähigem HDPE-Kanister. Versand innerhalb von 3&5 Werktagen.",
    "Herkunft": "Hergestellt in Weißenfels (Sachsen-Anhalt) & Marke grüfrü",
    "Laborwerte": "dummy inhalt",
    "qty_step": 1.0
  },
  {
    "id": "GRFRU-019",
    "active": true,
    "name": "Wurmhumus",
    "category_id": "CAT05",
    "category_name": "Wurmkompost / Wurmhumus",
    "price": 29.9,
    "unit": "l",
    "short_desc": "Mischung aus verschiedenen Kräuterjauchen zur vielseitigen Gartenpflege & naturbelassen & biologisch abbaubar.",
    "long_desc": "Unsere Mischjauche vereint die Kraft regionaler Kräuter wie Brennnessel, Schafgarbe, Ackerschachtelhalm und Beinwell. Hergestellt nach traditioneller Methode in kleinen Chargen. Ideal zur allgemeinen Pflanzenpflege im Garten und auf dem Balkon. Nachhaltig produziert & vollständig biologisch abbaubar.",
    "tags": "noch keine vorhanden",
    "Gebindegröße": "10 L",
    "Anwendung": "Vor Gebrauch gut schütteln. 1 Teil Jauche mit 10 Teilen Wasser verdünnen und direkt im Wurzelbereich ausbringen.",
    "Composition": "Fermentierte Pflanzenextrakte (Brennnessel, Schafgarbe, Ackerschachtelhalm, Beinwell), Wasser, Mikroorganismen.",
    "Notizen": "Nicht zum Verzehr geeignet. Kühl, dunkel und verschlossen lagern. Biologisch abbaubar.",
    "Versand": "Lieferung in recyclingfähigem HDPE-Kanister. Versand innerhalb von 3&5 Werktagen.",
    "Herkunft": "Hergestellt in Weißenfels (Sachsen-Anhalt) & Marke grüfrü",
    "Laborwerte": "dummy inhalt",
    "qty_step": 1.0
  }
]