[
  {
    "id": "SFRU-001",
    "active": true,
    "name": "Demeter Grapefruit",
    "category_id": "CAT01",
    "category_name": "Zitrusfrüchte",
    "price": 3.5,
    "unit": "kg",
    "variety": "Star Ruby",
    "short_desc": "Auf der Finca Jelanisol reifen Grapefruits unter der Wintersonne Andalusiens. Der leicht bittere Geschmack erinnert an echte Handarbeit und natürliche Reife. Anbaudetails: Permakultur mit mit Mulchbewässerung zur Wasserspeicherung.",
    "origin": "Andalusien (Finca Jelanisol, Montebello)",
    "taste": "Frisch und leicht herb mit rubinrotem Fruchtfleisch.",
    "season": "Dez–Mär",
    "allergens": "Nach EU-14-Standard ( keine )",
    "storage": "Kühl, luftig, nicht stapeln",
    "usage": "Aromatisch, erfrischend, ideal für Saft oder Frühstück.",
    "certificates": "Demeter-zertifiziert (Richtlinien Demeter e.V.).",
    "brand_quality": "Demeter",
    "tags": "Vitamin C, säuerlich, erfrischend",
    "asset_id": "SFRU-001-A0001",
    "qty_step": 0.5
  },
  {
    "id": "SFRU-002",
    "active": true,
    "name": "Demeter Orange",
    "category_id": "CAT01",
    "category_name": "Zitrusfrüchte",
    "price": 3.3,
    "unit": "kg",
    "variety": "Navelina / Lane Late / Salustiana (saisonal)",
    "short_desc": "Auf der Finca Jelanisol wachsen unsere Orangen zwischen Kräutern und Kompostinseln – geschützt vom Wind und reich an Sonne. So schmeckt Andalusien. Anbaudetails: Permakultur mit humusreichen Böden, ohne Chemie.",
    "origin": "Andalusien (Finca Jelanisol, Montebello)",
    "taste": "Sonnenreife Orangen mit ausgewogen süßem Geschmack.",
    "season": "Nov–Mär",
    "allergens": "Nach EU-14-Standard ( keine )",
    "storage": "Kühl, trocken, einzeln lagern",
    "usage": "Saftig, aromatisch, ideal zum Pressen oder pur.",
    "certificates": "Demeter-zertifiziert (Richtlinien Demeter e.V.).",
    "brand_quality": "Demeter",
    "tags": "Vitamin C, süß, saftig",
    "asset_id": "SFRU-002-A0002",
    "qty_step": 0.5
  },
  {
    "id": "SFRU-003",
    "active": true,
    "name": "Demeter Granatapfel Mollar",
    "category_id": "CAT01",
    "category_name": "Fruchtklassiker",
    "price": 4.8,
    "unit": "kg",
    "variety": "Mollar",
    "short_desc": "Die Sorte Mollar gedeiht auf humusreichem Boden – handgepflückt, sortiert und voller Sonnenkraft. Anbaudetails: Traditioneller Permakulturanbau mit Gründüngung und Kompost.",
    "origin": "Andalusien (Finca Jelanisol, Montebello)",
    "taste": "Süßlich-milde Sorte mit weichen Kernen.",
    "season": "Okt–Feb",
    "allergens": "Nach EU-14-Standard ( keine )",
    "storage": "Kühl, dunkel, nicht quetschen",
    "usage": "Intensiv rot, dekorativ, vielseitig verwendbar.",
    "certificates": "Demeter-zertifiziert (Richtlinien Demeter e.V.).",
    "brand_quality": "Demeter",
    "tags": "Polyphenole, süß-säuerlich, knackig",
    "asset_id": "SFRU-003-A0003",
    "qty_step": 0.5
  },
  {
    "id": "SFRU-004",
    "active": true,
    "name": "BIO Zitrone",
    "category_id": "CAT01",
    "category_name": "Zitrusfrüchte",
    "price": 4.8,
    "unit": "kg",
    "variety": "Fino / Verna (saisonal)",
    "short_desc": "Die Zitronen von Jelanisol werden geerntet, wenn sie ihr volles Aroma erreicht haben – pur, frisch, unverfälscht. Anbaudetails: Bewässerung über Mulchsystem, natürlicher Verdunstungsschutz.",
    "origin": "Andalusien (Finca Jelanisol, Partnerbetriebe)",
    "taste": "Zitronen mit feiner Säure und intensiver Schale.",
    "season": "Nov–Apr",
    "allergens": "Nach EU-14-Standard ( keine )",
    "storage": "Kühl, trocken, luftig lagern",
    "usage": "Aromatisch, saftig, ideal zum Backen und Kochen.",
    "certificates": "EU-Bio: kontrolliert gemäß VO (EU) 2018/848.",
    "brand_quality": "Bio",
    "tags": "Vitamin C, sauer, aromatisch",
    "asset_id": "SFRU-004-A0004",
    "qty_step": 0.5
  },
  {
    "id": "SFRU-005",
    "active": true,
    "name": "BIO Clementine",
    "category_id": "CAT01",
    "category_name": "Zitrusfrüchte",
    "price": 5.7,
    "unit": "kg",
    "variety": "Clementina de Nules (typisch, saisonal variierend)",
    "short_desc": "Auf humusreichen Böden wachsen Clementinen, die Sonne speichern – für den puren Wintergeschmack. Anbaudetails: Biologischer Mischanbau mit Insektenförderung.",
    "origin": "Andalusien (Finca Jelanisol, Partnerbetriebe)",
    "taste": "Klein, süß, leicht schälbar – perfekter Snack.",
    "season": "Nov–Jan",
    "allergens": "Nach EU-14-Standard ( keine )",
    "storage": "Kühl, luftig, nicht stapeln",
    "usage": "Kernarm, leuchtend orange, mild im Geschmack.",
    "certificates": "EU-Bio: kontrolliert gemäß VO (EU) 2018/848.",
    "brand_quality": "Bio",
    "tags": "Vitamin C, süß, kernarm",
    "asset_id": "SFRU-005-A0005",
    "qty_step": 0.5
  },
  {
    "id": "SFRU-006",
    "active": true,
    "name": "BIO Mandarine Tango",
    "category_id": "CAT01",
    "category_name": "Zitrusfrüchte",
    "price": 5.7,
    "unit": "kg",
    "variety": "Tango",
    "short_desc": "Der Tango – eine Mandarine mit Charakter. Auf Jelanisol wächst sie in kleinen Parzellen mit hohem Artenreichtum. Anbaudetails: Permakultur mit Nützlingsschutz und Bodenpflege.",
    "origin": "Andalusien (Finca Jelanisol, Partnerbetriebe)",
    "taste": "Intensiv süße Sorte mit kräftigem Aroma.",
    "season": "Dez–Feb",
    "allergens": "Nach EU-14-Standard ( keine )",
    "storage": "Kühl, luftig, kurz lagern",
    "usage": "Dünnschalig, saftig, frisch.",
    "certificates": "EU-Bio: kontrolliert gemäß VO (EU) 2018/848.",
    "brand_quality": "Bio",
    "tags": "Vitamin C, süß, aromatisch",
    "asset_id": "SFRU-006-A0006",
    "qty_step": 0.5
  },
  {
    "id": "SFRU-007",
    "active": true,
    "name": "Demeter Avocado Gwen",
    "category_id": "CAT03",
    "category_name": "Avocado",
    "price": 7.5,
    "unit": "kg",
    "variety": "Gwen",
    "short_desc": "Die Sorte Gwen ist eine Rarität – reift spät, schmeckt buttrig und kommt direkt aus nachhaltigem Anbau. Anbaudetails: Permakultur mit Agroforst, Bäume in Mischkultur mit Bodenbedeckung.",
    "origin": "Andalusien (Finca Jelanisol, Montebello)",
    "taste": "Cremig und mild mit feiner Textur.",
    "season": "Nov–Mär",
    "allergens": "Nach EU-14-Standard ( keine ); bei Latex vorsichtig",
    "storage": "Zimmertemp. nachreifen, dann kühl",
    "usage": "Ideal für Brotaufstriche und Bowls.",
    "certificates": "Demeter-zertifiziert (Richtlinien Demeter e.V.).",
    "brand_quality": "Demeter",
    "tags": "Cremig, buttrig, herzhaft",
    "asset_id": "SFRU-007-A0007",
    "qty_step": 0.5
  },
  {
    "id": "SFRU-008",
    "active": true,
    "name": "Demeter Avocado Hass",
    "category_id": "CAT03",
    "category_name": "Avocado",
    "price": 7.5,
    "unit": "kg",
    "variety": "Hass",
    "short_desc": "Auf den Hängen der Finca Jelanisol wachsen Hass-Avocados im Wechsel mit Kräutern und Gräsern – für natürliche Bodenbalance. Anbaudetails: Permakultur mit Bewässert mit Regenrückhalt-Systemen.",
    "origin": "Andalusien (Finca Jelanisol, Montebello)",
    "taste": "Klassiker mit nussigem Geschmack und dunkler Schale.",
    "season": "Nov–Apr",
    "allergens": "Nach EU-14-Standard ( keine ); bei Latex vorsichtig",
    "storage": "Nachreifbar, kühl nach Reife",
    "usage": "Kompakt, cremig, vielseitig.",
    "certificates": "Demeter-zertifiziert (Richtlinien Demeter e.V.).",
    "brand_quality": "Demeter",
    "tags": "Cremig, buttrig, herzhaft",
    "asset_id": "SFRU-008-A0008",
    "qty_step": 0.5
  },
  {
    "id": "SFRU-009",
    "active": true,
    "name": "Demeter Avocado Wild",
    "category_id": "CAT03",
    "category_name": "Avocado",
    "price": 11.0,
    "unit": "kg",
    "variety": "Wildform (kleinfrüchtig)",
    "short_desc": "Diese kleinen Wildavocados wachsen ohne Eingriff – Natur pur, direkt von der Finca. Anbaudetails: Permakultur mit Spontane Wildformen gepflegt in Permakultur.",
    "origin": "Andalusien (Finca Jelanisol, Montebello)",
    "taste": "Wilde, kleinere Avocado mit intensivem Geschmack.",
    "season": "Dez–Feb",
    "allergens": "Nach EU-14-Standard ( keine ); bei Latex vorsichtig",
    "storage": "Zimmertemp. nachreifen lassen",
    "usage": "Seltener, sehr aromatisch, dünne Schale.",
    "certificates": "Demeter-zertifiziert (Richtlinien Demeter e.V.).",
    "brand_quality": "Demeter",
    "tags": "Cremig, buttrig, herzhaft",
    "asset_id": "SFRU-009-A0009",
    "qty_step": 0.5
  },
  {
    "id": "SFRU-010",
    "active": true,
    "name": "Demeter Avocado Cocktail",
    "category_id": "CAT03",
    "category_name": "Avocado",
    "price": 11.0,
    "unit": "kg",
    "variety": "Cocktail (kernlos)",
    "short_desc": "Die Cocktail-Avocado – klein, rund und einzigartig. Auf der Finca Jelanisol fast ein Geheimtipp für Genießer. Anbaudetails: Permakultur und Handverlesene Sorten, gereift ohne Pflanzenschutz.",
    "origin": "Andalusien (Finca Jelanisol, Montebello)",
    "taste": "Mini-Avocados ohne Kern, essbar mit Schale.",
    "season": "Dez–Feb",
    "allergens": "Nach EU-14-Standard ( keine ); bei Latex vorsichtig",
    "storage": "Zimmertemp. nachreifen, dann kühl",
    "usage": "Mild, handlich, besonders.",
    "certificates": "Demeter-zertifiziert (Richtlinien Demeter e.V.).",
    "brand_quality": "Demeter",
    "tags": "Cremig, buttrig, herzhaft",
    "asset_id": "SFRU-010-A0010",
    "qty_step": 0.5
  },
  {
    "id": "SFRU-011",
    "active": true,
    "name": "Demeter Kumquat",
    "category_id": "CAT01",
    "category_name": "Zitrusfrüchte",
    "price": 6.0,
    "unit": "kg",
    "variety": "Fortunella margarita",
    "short_desc": "Auf Jelanisol wachsen Kumquats als kleine Sonnenlichter – süß, sauer und voller Energie. Anbaudetails: Permakultur mit Mischanbau mit Zitronen und Orangen.",
    "origin": "Andalusien (Finca Jelanisol, Montebello)",
    "taste": "Winzige Zitrusfrüchte mit süßer Schale und frischer Säure.",
    "season": "Dez–Mär",
    "allergens": "Nach EU-14-Standard ( keine )",
    "storage": "Kühl, luftig, nicht luftdicht",
    "usage": "Essbar im Ganzen, ideal für Marmelade.",
    "certificates": "Demeter-zertifiziert (Richtlinien Demeter e.V.).",
    "brand_quality": "Demeter",
    "tags": "Vitamin C, süß-sauer, Schale essbar",
    "asset_id": "SFRU-011-A0011",
    "qty_step": 0.5
  },
  {
    "id": "SFRU-012",
    "active": true,
    "name": "BIO Maracuja",
    "category_id": "CAT02",
    "category_name": "Exoten",
    "price": 15.0,
    "unit": "kg",
    "variety": "Passiflora edulis (typisch)",
    "short_desc": "Maracuja aus Südspanien – sonnengereift und handverlesen, ein Hauch Tropen aus Andalusien. Anbaudetails: Gewächshauskultur mit Kompostsubstrat.",
    "origin": "Andalusien (Finca Jelanisol, Partnerbetriebe)",
    "taste": "Tropisch-fruchtig, intensiv duftend.",
    "season": "Dez–Mär",
    "allergens": "Nach EU-14-Standard ( keine )",
    "storage": "Reift nach, kühl nach Runzeln",
    "usage": "Reich an Aroma, süß-sauer, exotisch.",
    "certificates": "EU-Bio: kontrolliert gemäß VO (EU) 2018/848.",
    "brand_quality": "Bio",
    "tags": "Aromatisch, säuerlich, intensiv",
    "asset_id": "SFRU-012-A0012",
    "qty_step": 0.25
  },
  {
    "id": "SFRU-013",
    "active": true,
    "name": "Demeter Mispel",
    "category_id": "CAT01",
    "category_name": "Raritäten",
    "price": 9.5,
    "unit": "kg",
    "variety": "Mespilus germanica",
    "short_desc": "Mispeln gelten als Früchte der Geduld – erst nach Frost genießbar, auf Jelanisol liebevoll kultiviert. Anbaudetails: Permakultur mit Traditionelle Pflege alter Obstsorten.",
    "origin": "Andalusien (Finca Jelanisol, Montebello)",
    "taste": "Alte Frucht mit karamellartigem Aroma.",
    "season": "Nov–Jan",
    "allergens": "Nach EU-14-Standard ( keine )",
    "storage": "Nachreifbar, kühl, weich werden lassen",
    "usage": "Weich, süß, ideal für Mus & Dessert.",
    "certificates": "Demeter-zertifiziert (Richtlinien Demeter e.V.).",
    "brand_quality": "Demeter",
    "tags": "Mild-süß, zimtnote, blettet",
    "asset_id": "SFRU-013-A0013",
    "qty_step": 0.5
  },
  {
    "id": "SFRU-014",
    "active": true,
    "name": "Demeter Kaki",
    "category_id": "CAT01",
    "category_name": "Exoten",
    "price": 3.6,
    "unit": "kg",
    "variety": "Hanna Fuyu",
    "short_desc": "Auf der Finca Jelanisol reifen die Kakis in Wintersonne langsam aus. Sorgfältig von Hand geerntet – für seidige Süße ohne Bitterkeit. Anbaudetails: Permakultur und Mischkultur mit Gründüngung, Mulchbewässerung, keinerlei chemisch-synthetische Mittel.",
    "origin": "Andalusien (Finca Jelanisol, Montebello)",
    "taste": "Fruchtig-süß mit cremiger Textur, essbar wie ein Apfel – ohne pelzige Noten.",
    "season": "Nov–Feb",
    "allergens": "Nach EU-14-Standard ( keine )",
    "storage": "Kühl, reift leicht nach",
    "usage": "flachrund, festfleischig, kaum Gerbstoffe. Ideal pur, im Frühstück oder als Dessert.",
    "certificates": "Demeter-zertifiziert (Richtlinien Demeter e.V.).",
    "brand_quality": "Demeter",
    "tags": "Süß, knusprig, mild",
    "asset_id": "SFRU-014-A0014",
    "qty_step": 0.5
  },
  {
    "id": "SFRU-015",
    "active": true,
    "name": "Demeter Kaviarlimetten",
    "category_id": "CAT01",
    "category_name": "Zitrusfrüchte",
    "price": 56.4,
    "unit": "kg",
    "variety": "nicht vorhanden",
    "short_desc": "Rarität mit Charakter: Von Hand geschnitten, direkt gekühlt und kurz transportiert – damit die Perlen frisch bleiben. Anbaudetails: Permakultur mit hoher Nützlingsbesatz, lebendige Böden, Regenwasser-Nutzung statt Pestizide.",
    "origin": "Andalusien (Finca Jelanisol, Montebello)",
    "taste": "Filigrane Zitrusperlen im Fruchtinneren – prickelnd und aromatisch.",
    "season": "Nov–Apr",
    "allergens": "Nach EU-14-Standard ( keine )",
    "storage": "Kühl, luftig, nicht pressen",
    "usage": "Kleine, längliche Früchte; das Perlen-Fruchtfleisch platzt am Gaumen. Perfekt für Bowls, Fisch & Drinks.",
    "certificates": "Demeter-zertifiziert (Richtlinien Demeter e.V.).",
    "brand_quality": "Demeter",
    "tags": "Zitrusperlen, säuerlich, aromatisch",
    "asset_id": "SFRU-015-A0015",
    "qty_step": 0.25
  },
  {
    "id": "SFRU-016",
    "active": true,
    "name": "Bio Limette",
    "category_id": "CAT01",
    "category_name": "Zitrusfrüchte",
    "price": 5.4,
    "unit": "kg",
    "variety": "Tahiti",
    "short_desc": "Gewachsen zwischen Kräutern und Leguminosen – die Limetten bekommen so ihr klares, sauberes Aroma. Anbaudetails: Begrünte Baumstreifen, Tröpfchenbewässerung, eigener Kompost – fördert Bodenleben und spart Wasser.",
    "origin": "Andalusien (Finca Jelanisol, Partnerbetriebe)",
    "taste": "Saftig, feinsäuerlich und duftige Schale – Küchenklassiker.",
    "season": "Okt–Apr",
    "allergens": "Nach EU-14-Standard ( keine )",
    "storage": "Kühl, luftig, nicht stapeln",
    "usage": "kernearm, hoher Saftanteil, ideal zum Würzen & Mixen; Schale fein abreibbar.",
    "certificates": "EU-Bio: kontrolliert gemäß VO (EU) 2018/848.",
    "brand_quality": "Bio",
    "tags": "Vitamin C, sauer, frisch",
    "asset_id": "SFRU-016-A0016",
    "qty_step": 0.5
  },
  {
    "id": "SFRU-017",
    "active": true,
    "name": "Bio Orangen grün",
    "category_id": "CAT01",
    "category_name": "Zitrusfrüchte",
    "price": 3.2,
    "unit": "kg",
    "variety": "Navelina grün",
    "short_desc": "Grün bedeutet hier: sonnenwarm, nicht unreif. Direkt von der Finca – pur, für Saft oder Winter-Salate. Anbaudetails: Mulch- und Tropfbewässerung, Biodiversitätsstreifen; Ernte in den kühlen Morgenstunden.",
    "origin": "Andalusien (Finca Jelanisol, Partnerbetriebe)",
    "taste": "Sonnengereifte Orangen mit grüner Schale – innen vollreif und süß.",
    "season": "Nov–Dez",
    "allergens": "Nach EU-14-Standard ( keine )",
    "storage": "Kühl, trocken, luftig lagern",
    "usage": "frühreif; grüne Schale durch warme Nächte, süßes Fruchtfleisch mit feiner Säure.",
    "certificates": "EU-Bio: kontrolliert gemäß VO (EU) 2018/848.",
    "brand_quality": "Bio",
    "tags": "Vitamin C, süß, frühreif",
    "asset_id": "SFRU-017-A0017",
    "qty_step": 0.5
  },
  {
    "id": "SFRU-018",
    "active": true,
    "name": "Bio Mango",
    "category_id": "CAT02",
    "category_name": "Exoten",
    "price": 7.2,
    "unit": "kg",
    "variety": "Sensation",
    "short_desc": "Kurze Wege aus Andalusien – die Mangos reifen am Baum an und bekommen so ihr volles Aroma. Anbaudetails: Schattierungsnetz gegen Hitzespitzen, Komposttee für Blattgesundheit, Handernte in Reifefenstern.",
    "origin": "Andalusien (Finca Jelanisol, Partnerbetriebe)",
    "taste": "Duftige, tropische Süße mit feiner Säurebalance.",
    "season": "Sep–Nov",
    "allergens": "Nach EU-14-Standard ( keine ); Schale meiden bei Sens. Kontaktreaktion möglich",
    "storage": "Zimmertemp. nachreifen, dann kühl",
    "usage": "festes Fruchtfleisch, wenig Faser; reift bei Raumtemperatur nach.",
    "certificates": "EU-Bio: kontrolliert gemäß VO (EU) 2018/848.",
    "brand_quality": "Bio",
    "tags": "Süß, aromatisch, tropisch",
    "asset_id": "SFRU-018-A0018",
    "qty_step": 0.5
  },
  {
    "id": "SFRU-019",
    "active": true,
    "name": "Bio Mango",
    "category_id": "CAT02",
    "category_name": "Exoten",
    "price": 7.2,
    "unit": "kg",
    "variety": "Osteen",
    "short_desc": "Osteen ist die Lieblingssorte vieler Finceros – cremig und perfekt für die Systemküche. Anbaudetails: Begrünte Fahrgassen und Nützlingsförderung; selektive Ernte statt Lagerreifung.",
    "origin": "Andalusien (Finca Jelanisol, Partnerbetriebe)",
    "taste": "Aromatisch und mild, mit sämigem Fruchtfleisch.",
    "season": "Sep–Nov",
    "allergens": "Nach EU-14-Standard ( keine ); Schale meiden bei Sens. Kontaktreaktion möglich",
    "storage": "Nachreifbar, kühl nach Reife",
    "usage": "sehr wenig Faser, große Früchte; ideal für Smoothies & Dessert.",
    "certificates": "EU-Bio: kontrolliert gemäß VO (EU) 2018/848.",
    "brand_quality": "Bio",
    "tags": "Süß, aromatisch, tropisch",
    "asset_id": "SFRU-019-A0019",
    "qty_step": 0.5
  },
  {
    "id": "SFRU-020",
    "active": true,
    "name": "Bio Avocado",
    "category_id": "CAT03",
    "category_name": "Avocado",
    "price": 7.5,
    "unit": "kg",
    "variety": "Bacon",
    "short_desc": "Auf der Finca wechseln sich Hass- und Bacon-Parzellen ab – Vielfalt schützt Klima und Boden. Anbaudetails: Hanglagen mit Regenspeicherung, Mulchdecke reduziert Bewässerung; Ernte ohne Luftfracht.",
    "origin": "Andalusien (Finca Jelanisol, Partnerbetriebe)",
    "taste": "Mild-nussig, helles Fleisch – frühe Wintersorte.",
    "season": "Nov–Feb",
    "allergens": "Nach EU-14-Standard ( keine ); bei Latex vorsichtig",
    "storage": "Nachreifbar, dann kühl lagern",
    "usage": "dünne Schale, essbar mit Löffel; ideal für Salate & Sandwiches.",
    "certificates": "EU-Bio: kontrolliert gemäß VO (EU) 2018/848.",
    "brand_quality": "Bio",
    "tags": "Cremig, mild, buttrig",
    "asset_id": "SFRU-020-A0020",
    "qty_step": 0.5
  },
  {
    "id": "SFRU-021",
    "active": true,
    "name": "Bio Cherimoya",
    "category_id": "CAT02",
    "category_name": "Exoten",
    "price": 5.2,
    "unit": "kg",
    "variety": "Fino de Jete",
    "short_desc": "Die traditionelle Sorte aus Andalusien – reift nach und entfaltet dann ihr fein-sahniges Aroma. Anbaudetails: Terrassenbau mit Kompostsubstrat, Handbestäubung bei kühlem Wetter; kurze Wege in Kühlkette.",
    "origin": "Andalusien (Finca Jelanisol, Partnerbetriebe)",
    "taste": "Tropisch-sahnig mit Noten von Vanille & Birne.",
    "season": "Nov–Jan",
    "allergens": "Nach EU-14-Standard ( keine ); bei Latex vorsichtig",
    "storage": "Nachreifbar, kühl nach Reife",
    "usage": "cremig, wenig Faser; perfekt zum Löffeln, für Mus oder Dessert.",
    "certificates": "EU-Bio: kontrolliert gemäß VO (EU) 2018/848.",
    "brand_quality": "Bio",
    "tags": "Sehr süß, cremig, vanillenote",
    "asset_id": "SFRU-021-A0021",
    "qty_step": 0.5
  },
  {
    "id": "SFRU-022",
    "active": true,
    "name": "Probetüte",
    "category_id": "CAT04",
    "category_name": "Mischpakete",
    "price": 6.0,
    "unit": "stk",
    "variety": "Saisonmix (variierend)",
    "short_desc": "Für Neugierige: eine kleine Reise durch die süfrü-Welt. Direkt von der Finca, frisch gepackt. Anbaudetails: Zusammenstellung aus saisonaler Ernte.",
    "origin": "Andalusien (Finca Jelanisol, Partnerbetriebe)",
    "taste": "Bunte Mischung saisonaler Früchte zum Kennenlernen.",
    "season": "Ganzjährig",
    "allergens": "Nach EU-14-Standard ( keine )",
    "storage": "Inhalt beachten, kühl lagern",
    "usage": "Auswahl verschiedener Sorten.",
    "certificates": "EU-Bio: kontrolliert gemäß VO (EU) 2018/848, Demeter-zertifiziert (Richtlinien Demeter e.V.).",
    "brand_quality": "Demeter, Bio",
    "tags": "nicht vorhanden",
    "asset_id": "SFRU-022-A0022",
    "qty_step": 1.0
  },
  {
    "id": "SFRU-023",
    "active": true,
    "name": "Mixkiste",
    "category_id": "CAT04",
    "category_name": "Mischpakete",
    "price": 20.0,
    "unit": "stk",
    "variety": "Saisonmix (variierend)",
    "short_desc": "Für Unentschlossene: eine kleine Reise durch die süfrü-Welt. Direkt von der Finca, frisch gepackt. Anbaudetails: Zusammenstellung aus saisonaler Ernte.",
    "origin": "Andalusien (Finca Jelanisol, Partnerbetriebe)",
    "taste": "Bunte Mischung saisonaler Früchte zum Kennenlernen.",
    "season": "Ganzjährig",
    "allergens": "Nach EU-14-Standard ( keine )",
    "storage": "Inhalt beachten, kühl lagern",
    "usage": "Auswahl verschiedener Sorten.",
    "certificates": "EU-Bio: kontrolliert gemäß VO (EU) 2018/848, Demeter-zertifiziert (Richtlinien Demeter e.V.).",
    "brand_quality": "Demeter, Bio",
    "tags": "nicht vorhanden",
    "asset_id": "SFRU-023-A0023",
    "qty_step": 1.0
  }
]