[
  {
    "id": "BLFRU-001",
    "active": true,
    "name": "Pflanze 1",
    "category_id": "CAT01",
    "category_name": "Jungpflanze Gemüse",
    "price": 2.0,
    "unit": "stk",
    "short_desc": "Traditionell hergestellte Brennnesseljauche aus regionaler Brennnessel & naturbelassen & biologisch abbaubar.",
    "long_desc": "Unsere Brennnesseljauche wird aus frischen, regionalen Pflanzenbeständen der Brennnessel hergestellt. Die Jauche entsteht durch natürliche Fermentation und unterstützt eine gesunde Kreislaufführung im Garten. Nachhaltig produziert & ohne chemische Zusätze, vollständig biologisch abbaubar.",
    "tags": "Brennnesseljauche, Pflanzenjauche, grüfrü, Naturprodukt, Pflanzenpflege, Permakultur, nachhaltiger Garten",
    "Grundpreis": 6.9,
    "Inhalt": "1 Stk",
    "Anwendung": "Vor Gebrauch gut schütteln. 1 Teil Jauche mit 10 Teilen Wasser verdünnen und direkt im Wurzelbereich ausbringen.",
    "Ursprung": "Kräuterzucht Erfurt",
    "Notizen": "Nicht zum Verzehr geeignet. Kühl, dunkel und verschlossen lagern. Biologisch abbaubar.",
    "Versand": "Lieferung in recyclingfähigem HDPE-Kanister. Versand innerhalb von 3&5 Werktagen.",
    "Herkunft": "Hergestellt in Weißenfels (Sachsen-Anhalt) & Marke grüfrü",
    "qty_step": 1.0
  },
  {
    "id": "BLFRU-002",
    "active": true,
    "name": "Pflanze 2",
    "category_id": "CAT02",
    "category_name": "Jungpflanze Küchenkräuter",
    "price": 2.0,
    "unit": "stk",
    "short_desc": "Traditionell hergestellte Brennnesseljauche aus regionaler Brennnessel & naturbelassen & biologisch abbaubar.",
    "long_desc": "Unsere Brennnesseljauche wird aus frischen, regionalen Pflanzenbeständen der Brennnessel hergestellt. Die Jauche entsteht durch natürliche Fermentation und unterstützt eine gesunde Kreislaufführung im Garten. Nachhaltig produziert & ohne chemische Zusätze, vollständig biologisch abbaubar.",
    "tags": "Brennnesseljauche, Pflanzenjauche, grüfrü, Naturprodukt, Pflanzenpflege, Permakultur, nachhaltiger Garten",
    "Grundpreis": 19.9,
    "Inhalt": "1 Stk",
    "Anwendung": "Vor Gebrauch gut schütteln. 1 Teil Jauche mit 10 Teilen Wasser verdünnen und direkt im Wurzelbereich ausbringen.",
    "Ursprung": "Kräuterzucht Erfurt",
    "Notizen": "Nicht zum Verzehr geeignet. Kühl, dunkel und verschlossen lagern. Biologisch abbaubar.",
    "Versand": "Lieferung in recyclingfähigem HDPE-Kanister. Versand innerhalb von 3&5 Werktagen.",
    "Herkunft": "Hergestellt in Weißenfels (Sachsen-Anhalt) & Marke grüfrü",
    "qty_step": 1.0
  },
  {
    "id": "BLFRU-003",
    "active": true,
    "name": "Pflanze 3",
    "category_id": "CAT03",
    "category_name": "Jungpflanze Heilkräuter",
    "price": 2.0,
    "unit": "stk",
    "short_desc": "Traditionell hergestellte Brennnesseljauche aus regionaler Brennnessel & naturbelassen & biologisch abbaubar.",
    "long_desc": "Unsere Brennnesseljauche wird aus frischen, regionalen Pflanzenbeständen der Brennnessel hergestellt. Die Jauche entsteht durch natürliche Fermentation und unterstützt eine gesunde Kreislaufführung im Garten. Nachhaltig produziert & ohne chemische Zusätze, vollständig biologisch abbaubar.",
    "tags": "Brennnesseljauche, Pflanzenjauche, grüfrü, Naturprodukt, Pflanzenpflege, Permakultur, nachhaltiger Garten",
    "Grundpreis": 29.9,
    "Inhalt": "1 Stk",
    "Anwendung": "Vor Gebrauch gut schütteln. 1 Teil Jauche mit 10 Teilen Wasser verdünnen und direkt im Wurzelbereich ausbringen.",
    "Ursprung": "Kräuterzucht Erfurt",
    "Notizen": "Nicht zum Verzehr geeignet. Kühl, dunkel und verschlossen lagern. Biologisch abbaubar.",
    "Versand": "Lieferung in recyclingfähigem HDPE-Kanister. Versand innerhalb von 3&5 Werktagen.",
    "Herkunft": "Hergestellt in Weißenfels (Sachsen-Anhalt) & Marke grüfrü",
    "qty_step": 1.0
  },
  {
    "id": "BLFRU-004",
    "active": true,
    "name": "Pflanze 4",
    "category_id": "CAT04",
    "category_name": "Jungpflanze Gemüse Set 6 stk",
    "price": 2.0,
    "unit": "stk",
    "short_desc": "Traditionell hergestellte Schafgarbenjauche aus regionaler Schafgarben & naturbelassen & biologisch abbaubar.",
    "long_desc": "Unsere Schafgarbenjauche wird aus frischen, regionalen Pflanzenbeständen der Schafgarben hergestellt. Die Jauche entsteht durch natürliche Fermentation und unterstützt eine gesunde Kreislaufführung im Garten. Nachhaltig produziert & ohne chemische Zusätze, vollständig biologisch abbaubar.",
    "tags": "Schafgarbenjauche, Pflanzenjauche, grüfrü, Naturprodukt, Pflanzenpflege, Permakultur, nachhaltiger Garten",
    "Grundpreis": 6.9,
    "Inhalt": "1 Stk",
    "Anwendung": "Vor Gebrauch gut schütteln. 1 Teil Jauche mit 10 Teilen Wasser verdünnen und direkt im Wurzelbereich ausbringen.",
    "Ursprung": "Kräuterzucht Erfurt",
    "Notizen": "Nicht zum Verzehr geeignet. Kühl, dunkel und verschlossen lagern. Biologisch abbaubar.",
    "Versand": "Lieferung in recyclingfähigem HDPE-Kanister. Versand innerhalb von 3&5 Werktagen.",
    "Herkunft": "Hergestellt in Weißenfels (Sachsen-Anhalt) & Marke grüfrü",
    "qty_step": 1.0
  },
  {
    "id": "BLFRU-005",
    "active": true,
    "name": "Pflanze 5",
    "category_id": "CAT05",
    "category_name": "Jungpflanze Küchenkräuter Set 6 stk",
    "price": 2.0,
    "unit": "stk",
    "short_desc": "Traditionell hergestellte Schafgarbenjauche aus regionaler Schafgarben & naturbelassen & biologisch abbaubar.",
    "long_desc": "Unsere Schafgarbenjauche wird aus frischen, regionalen Pflanzenbeständen der Schafgarben hergestellt. Die Jauche entsteht durch natürliche Fermentation und unterstützt eine gesunde Kreislaufführung im Garten. Nachhaltig produziert & ohne chemische Zusätze, vollständig biologisch abbaubar.",
    "tags": "Schafgarbenjauche, Pflanzenjauche, grüfrü, Naturprodukt, Pflanzenpflege, Permakultur, nachhaltiger Garten",
    "Grundpreis": 19.9,
    "Inhalt": "1 Stk",
    "Anwendung": "Vor Gebrauch gut schütteln. 1 Teil Jauche mit 10 Teilen Wasser verdünnen und direkt im Wurzelbereich ausbringen.",
    "Ursprung": "Kräuterzucht Erfurt",
    "Notizen": "Nicht zum Verzehr geeignet. Kühl, dunkel und verschlossen lagern. Biologisch abbaubar.",
    "Versand": "Lieferung in recyclingfähigem HDPE-Kanister. Versand innerhalb von 3&5 Werktagen.",
    "Herkunft": "Hergestellt in Weißenfels (Sachsen-Anhalt) & Marke grüfrü",
    "qty_step": 1.0
  },
  {
    "id": "BLFRU-006",
    "active": true,
    "name": "Pflanze 6",
    "category_id": "CAT06",
    "category_name": "Jungpflanze Heilkräuter Set 6 stk",
    "price": 2.0,
    "unit": "stk",
    "short_desc": "Traditionell hergestellte Schafgarbenjauche aus regionaler Schafgarben & naturbelassen & biologisch abbaubar.",
    "long_desc": "Unsere Schafgarbenjauche wird aus frischen, regionalen Pflanzenbeständen der Schafgarben hergestellt. Die Jauche entsteht durch natürliche Fermentation und unterstützt eine gesunde Kreislaufführung im Garten. Nachhaltig produziert & ohne chemische Zusätze, vollständig biologisch abbaubar.",
    "tags": "Schafgarbenjauche, Pflanzenjauche, grüfrü, Naturprodukt, Pflanzenpflege, Permakultur, nachhaltiger Garten",
    "Grundpreis": 29.9,
    "Inhalt": "1 Stk",
    "Anwendung": "Vor Gebrauch gut schütteln. 1 Teil Jauche mit 10 Teilen Wasser verdünnen und direkt im Wurzelbereich ausbringen.",
    "Ursprung": "Kräuterzucht Erfurt",
    "Notizen": "Nicht zum Verzehr geeignet. Kühl, dunkel und verschlossen lagern. Biologisch abbaubar.",
    "Versand": "Lieferung in recyclingfähigem HDPE-Kanister. Versand innerhalb von 3&5 Werktagen.",
    "Herkunft": "Hergestellt in Weißenfels (Sachsen-Anhalt) & Marke grüfrü",
    "qty_step": 1.0
  },
  {
    "id": "BLFRU-007",
    "active": true,
    "name": "Pflanze 7",
    "category_id": "CAT07",
    "category_name": "Jungfplanzen Bestäuber",
    "price": 2.0,
    "unit": "stk",
    "short_desc": "Traditionell hergestellte Ackerschachtelhalmjauche aus regionaler Ackerschachtelhalm & naturbelassen & biologisch abbaubar.",
    "long_desc": "Unsere Ackerschachtelhalmjauche wird aus frischen, regionalen Pflanzenbeständen der Ackerschachtelhalm hergestellt. Die Jauche entsteht durch natürliche Fermentation und unterstützt eine gesunde Kreislaufführung im Garten. Nachhaltig produziert & ohne chemische Zusätze, vollständig biologisch abbaubar.",
    "tags": "Ackerschachtelhalmjauche, Pflanzenjauche, grüfrü, Naturprodukt, Pflanzenpflege, Permakultur, nachhaltiger Garten",
    "Grundpreis": 6.9,
    "Inhalt": "1 Stk",
    "Anwendung": "Vor Gebrauch gut schütteln. 1 Teil Jauche mit 10 Teilen Wasser verdünnen und direkt im Wurzelbereich ausbringen.",
    "Ursprung": "Lindenberghof Weimar",
    "Notizen": "Nicht zum Verzehr geeignet. Kühl, dunkel und verschlossen lagern. Biologisch abbaubar.",
    "Versand": "Lieferung in recyclingfähigem HDPE-Kanister. Versand innerhalb von 3&5 Werktagen.",
    "Herkunft": "Hergestellt in Weißenfels (Sachsen-Anhalt) & Marke grüfrü",
    "qty_step": 1.0
  },
  {
    "id": "BLFRU-008",
    "active": true,
    "name": "Pflanze 8",
    "category_id": "CAT08",
    "category_name": "Jungfplanzen Bestäuber Set 6 stk",
    "price": 2.4,
    "unit": "stk",
    "short_desc": "Traditionell hergestellte Ackerschachtelhalmjauche aus regionaler Ackerschachtelhalm & naturbelassen & biologisch abbaubar.",
    "long_desc": "Unsere Ackerschachtelhalmjauche wird aus frischen, regionalen Pflanzenbeständen der Ackerschachtelhalm hergestellt. Die Jauche entsteht durch natürliche Fermentation und unterstützt eine gesunde Kreislaufführung im Garten. Nachhaltig produziert & ohne chemische Zusätze, vollständig biologisch abbaubar.",
    "tags": "Ackerschachtelhalmjauche, Pflanzenjauche, grüfrü, Naturprodukt, Pflanzenpflege, Permakultur, nachhaltiger Garten",
    "Grundpreis": 0.4,
    "Inhalt": "6 Stk",
    "Anwendung": "Vor Gebrauch gut schütteln. 1 Teil Jauche mit 10 Teilen Wasser verdünnen und direkt im Wurzelbereich ausbringen.",
    "Ursprung": "Lindenberghof Weimar",
    "Notizen": "Nicht zum Verzehr geeignet. Kühl, dunkel und verschlossen lagern. Biologisch abbaubar.",
    "Versand": "Lieferung in recyclingfähigem HDPE-Kanister. Versand innerhalb von 3&5 Werktagen.",
    "Herkunft": "Hergestellt in Weißenfels (Sachsen-Anhalt) & Marke grüfrü",
    "qty_step": 1.0
  },
  {
    "id": "BLFRU-009",
    "active": true,
    "name": "Saatgutmischung Test",
    "category_id": "CAT09",
    "category_name": "veredelte Jungpflanzen",
    "price": 2.4,
    "unit": "stk",
    "short_desc": "Traditionell hergestellte Ackerschachtelhalmjauche aus regionaler Ackerschachtelhalm & naturbelassen & biologisch abbaubar.",
    "long_desc": "Unsere Ackerschachtelhalmjauche wird aus frischen, regionalen Pflanzenbeständen der Ackerschachtelhalm hergestellt. Die Jauche entsteht durch natürliche Fermentation und unterstützt eine gesunde Kreislaufführung im Garten. Nachhaltig produziert & ohne chemische Zusätze, vollständig biologisch abbaubar.",
    "tags": "Ackerschachtelhalmjauche, Pflanzenjauche, grüfrü, Naturprodukt, Pflanzenpflege, Permakultur, nachhaltiger Garten",
    "Grundpreis": 2.99,
    "Inhalt": "1 Stk",
    "Anwendung": "Vor Gebrauch gut schütteln. 1 Teil Jauche mit 10 Teilen Wasser verdünnen und direkt im Wurzelbereich ausbringen.",
    "Ursprung": "testtext",
    "Notizen": "Nicht zum Verzehr geeignet. Kühl, dunkel und verschlossen lagern. Biologisch abbaubar.",
    "Versand": "Lieferung in recyclingfähigem HDPE-Kanister. Versand innerhalb von 3&5 Werktagen.",
    "Herkunft": "Hergestellt in Weißenfels (Sachsen-Anhalt) & Marke grüfrü",
    "qty_step": 1.0
  },
  {
    "id": "BLFRU-010",
    "active": true,
    "name": "Saatgut Test",
    "category_id": "CAT10",
    "category_name": "Saatgut",
    "price": 6.9,
    "unit": "stk",
    "short_desc": "Traditionell hergestellte Beinwelljauche aus regionaler Beinwell & naturbelassen & biologisch abbaubar.",
    "long_desc": "Unsere Beinwelljauche wird aus frischen, regionalen Pflanzenbeständen der Beinwell hergestellt. Die Jauche entsteht durch natürliche Fermentation und unterstützt eine gesunde Kreislaufführung im Garten. Nachhaltig produziert & ohne chemische Zusätze, vollständig biologisch abbaubar.",
    "tags": "Beinwelljauche, Pflanzenjauche, grüfrü, Naturprodukt, Pflanzenpflege, Permakultur, nachhaltiger Garten",
    "Grundpreis": 6.9,
    "Inhalt": "1 Stk",
    "Anwendung": "Vor Gebrauch gut schütteln. 1 Teil Jauche mit 10 Teilen Wasser verdünnen und direkt im Wurzelbereich ausbringen.",
    "Ursprung": "testtext",
    "Notizen": "Nicht zum Verzehr geeignet. Kühl, dunkel und verschlossen lagern. Biologisch abbaubar.",
    "Versand": "Lieferung in recyclingfähigem HDPE-Kanister. Versand innerhalb von 3&5 Werktagen.",
    "Herkunft": "Hergestellt in Weißenfels (Sachsen-Anhalt) & Marke grüfrü",
    "qty_step": 1.0
  }
]